timestamp,supplier,product_id,product_name,old_price,new_price,change_pct
2026-04-05T15:47:53.064095+00:00,Exotics Unlimited,exotics-unlimited:ceratogyrus-darlingi-rear-horned-baboon-0-75-1,Ceratogyrus darlingi (Rear Horned Baboon Tarantula),29.0,45.0,55.2
2026-04-05T15:47:53.064095+00:00,Exotics Source,exotics-source:regal-jumping-spider-nutmeg,"Regal Jumping Spider ""Nutmeg""",75.0,65.0,13.3
2026-04-05T15:47:53.064095+00:00,Exotics Source,exotics-source:regal-jumping-spider-nugget,"Regal Jumping Spider ""Nugget""",75.0,65.0,13.3
2026-04-05T15:47:53.064095+00:00,Exotics Source,exotics-source:regal-jumping-spider-chocolate,"Regal Jumping Spider ""Chocolate""",75.0,65.0,13.3
2026-04-05T15:47:53.064095+00:00,Exotics Source,exotics-source:regal-jumping-spider-pretzel,"Regal Jumping Spider ""Pretzel""",75.0,65.0,13.3
2026-04-05T15:47:53.064095+00:00,Exotics Source,exotics-source:regal-jumping-spider-egg,"Regal Jumping Spider ""Egg""",75.0,65.0,13.3
2026-04-05T15:47:53.064095+00:00,Exotics Source,exotics-source:regal-jumping-spider-almond,"Regal Jumping Spider ""Almond""",75.0,65.0,13.3
2026-04-05T15:47:53.064095+00:00,Tropical Isopods,tropical-isopods:porcellio-sp-werneri-isopod-for-sale,Porcellio werneri,50.0,40.0,20.0
2026-04-08T07:25:47.431626+00:00,Exotics Unlimited,exotics-unlimited:copy-of-poecilotheria-regalis-indian-ornamental-tarantula-for-sale-female-7,Poecilotheria regalis (Indian Ornamental Tarantula),58.0,85.0,46.6
2026-04-08T07:25:47.431626+00:00,Exotics Unlimited,exotics-unlimited:grammostola-pulchra-brazilian-black-female-2-5,Grammostola pulchra (Brazilian Black Tarantula),86.0,84.0,2.3
2026-04-08T07:25:47.431626+00:00,Exotics Unlimited,exotics-unlimited:iridopelma-hirsutum-0-75,Iridopelma hirsutum (Amazon Ribbed Tarantula),150.0,125.0,16.7
2026-04-08T07:25:47.431626+00:00,Exotics Unlimited,exotics-unlimited:monocentropus-balfouri-socotra-island-blue-baboon-tarantula-for-sale-spiderling,Monocentropus balfouri (Socotra Island Blue Baboon Tarantula)  (Communal Species),49.0,45.0,8.2
2026-04-08T07:25:47.431626+00:00,Ty Dye Exotics,ty-dye-exotics:tliltocatl-albopilosus-curly-hair-tarantula-perfect-beginner-species-live-arrival-guarantee,Tliltocatl albopilosus – Curly Hair Tarantula | Perfect Beginner Species | Live Arrival Guarantee,17.99,27.99,55.6
2026-04-08T07:25:47.431626+00:00,Ty Dye Exotics,ty-dye-exotics:hapalopus-formosus-pumpkin-patch-tarantula-for-sale-live-arrival-guarantee,Hapalopus formosus - Pumpkin Patch Tarantula for Sale | Live Arrival Guarantee,34.99,37.99,8.6
2026-04-08T07:25:47.431626+00:00,Nature's Good Guys,natures-good-guys:eretmocerus-eremicus,Eretmocerus eremicus - Whitefly Control,2.39,3.4,42.3
2026-04-08T07:25:47.431626+00:00,Nature's Good Guys,natures-good-guys:atheta-coriaria,"Dalotia ""Atheta"" coriaria - Rove Beetle - Fungus Gnat Control",13.1,18.75,43.1
2026-04-08T07:25:47.431626+00:00,DubiaRoaches.com,dubiaroaches:medium-superworm-500ct-auction-14,Medium Superworm 500ct Auction,1.0,15.0,1400.0
2026-04-08T07:25:47.431626+00:00,DubiaRoaches.com,dubiaroaches:large-hornworm-12ct-case-of-6-auction-10,Large Hornworm 12ct (Case Of 6) Auction,1.0,21.0,2000.0
2026-04-08T07:25:47.431626+00:00,DubiaRoaches.com,dubiaroaches:125w-heat-panel-reptile-habitat-auction-15,125w Heat Panel Reptile Habitat Auction,20.0,100.0,400.0
2026-04-08T07:25:47.431626+00:00,DubiaRoaches.com,dubiaroaches:4x2x2-v3-120-gallon-auction-8,4x2x2 V3 (120 Gallon) Auction,40.0,271.0,577.5
2026-04-08T07:25:47.431626+00:00,DubiaRoaches.com,dubiaroaches:medium-hornworm-24ct-case-of-12-auction-14,Medium Hornworm 24ct (Case Of 12) Auction,1.0,50.0,4900.0
2026-04-08T07:25:47.431626+00:00,DubiaRoaches.com,dubiaroaches:large-dubia-roaches-250ct-auction-9,Large Dubia Roaches 250ct Auction,1.0,45.0,4400.0
2026-04-08T07:25:47.431626+00:00,Fear Not Tarantulas,fear-not-tarantulas:scytodes-cf-univittata-orange-spitting-spider,"Scytodes cf univittata (Orange Spitting Spider) about 1/4"" *Captive bred!",19.0,45.0,136.8
2026-04-08T07:25:47.431626+00:00,Fear Not Tarantulas,fear-not-tarantulas:ischnocolus-vanandelae-omani-golden-tiger-tarantula-olympic,"Ischnocolus vanandelae (Omani Golden Tiger Tarantula) about 1/2"" - 3/4""",29.0,55.0,89.7
2026-04-08T07:25:47.431626+00:00,Fear Not Tarantulas,fear-not-tarantulas:urupelma-peruvianun-tarantula-for-sale,"Urupelma  peruvianum ex Homoeomma (Peruvian Blue Tarantula) about 1/2"" - 3/4""",39.0,74.0,89.7
2026-04-08T07:25:47.431626+00:00,Fear Not Tarantulas,fear-not-tarantulas:eresus-aguert-tamanart-velvet-spider-for-sale,"Eresus sp “Aguert Tamanart” (Morocco Velvet Spider)  about 1/8"" 🛖INCLUDES HABITAT!",42.0,69.0,64.3
2026-04-08T07:25:47.431626+00:00,Fear Not Tarantulas,fear-not-tarantulas:sicarius-gracilis-six-eyed-sand-spider,"Sicarius gracilis (Six-Eyed Sand Spider) about  1/3"" - 1/2""",32.0,59.0,84.4
2026-04-08T07:25:47.431626+00:00,Fear Not Tarantulas,fear-not-tarantulas:harpactira-dictator-tarantula-dictator-baboon,"Harpactira dictator (Dictator Baboon Tarantula) about 3/4"" - 1""+",39.0,85.0,117.9
2026-04-08T07:25:47.431626+00:00,Fear Not Tarantulas,fear-not-tarantulas:cyriopagopus-hati-hati-tarantula-for-sale,"Phormingochilus hati hati (Sulawesi Violet Tarantula) ex Cyriopagopus about 3/4"" - 1""",23.0,42.0,82.6
2026-04-08T07:25:47.431626+00:00,Fear Not Tarantulas,fear-not-tarantulas:theraphosa-stirmi-burgundy-goliath-birdeater-tarantula-for-sale-1,"Theraphosa stirmi (Burgundy Goliath Birdeater Tarantula) about 2"" +",59.0,125.0,111.9
2026-04-08T07:25:47.431626+00:00,Fear Not Tarantulas,fear-not-tarantulas:psalmopoeus-victori-tarantula-for-sale,"Psalmopoeus victori (Darth Maul Tarantula) about  1/2""-3/4""",39.0,55.0,41.0
2026-04-08T07:25:47.431626+00:00,Fear Not Tarantulas,fear-not-tarantulas:psalmopoeus-pulcher-panama-blonde-tarantula-for-sale,"Psalmopoeus pulcher (Panama Blonde Tarantula) about 1"" +",22.0,45.0,104.5
2026-04-08T07:25:47.431626+00:00,Fear Not Tarantulas,fear-not-tarantulas:hapalotremus-major-peruvian-white-banded-tarantula,"Hapalotremus major (Peruvian White Banded Tarantula) about 1/2"" - 3/4"" Nicely sized!",65.0,109.0,67.7
2026-04-08T07:25:47.431626+00:00,Fear Not Tarantulas,fear-not-tarantulas:chilobrachys-natanicharum-electric-blue-tarantula-for-sale,"Chilobrachys natanicharum  (Electric Blue Tarantula) about  3/4"" - 1""",23.0,45.0,95.7
2026-04-08T07:25:47.431626+00:00,Fear Not Tarantulas,fear-not-tarantulas:cilantica-sp-kali,"Cilantica sp Kali (Kali Earth Tiger) about 1 1/4"" - 1 1/2"" Very similar to psychedelicus *RARE",59.0,115.0,94.9
2026-04-08T07:25:47.431626+00:00,Fear Not Tarantulas,fear-not-tarantulas:blue-death-feigning-beetle-for-sale,Blue Death Feigning Beetle (Asbolus verrucosus) Keep them in groups!,24.0,39.0,62.5
2026-04-08T07:25:47.431626+00:00,Fear Not Tarantulas,fear-not-tarantulas:shipping-change-fedex-center-home-business,Change of shipping method from going to a FedEx center to a home or business.,14.0,20.0,42.9
2026-04-08T07:25:47.431626+00:00,Exotics Source,exotics-source:regal-jumping-spider-atlas,Regal Jumping Spider “Atlas”,75.0,125.0,66.7
2026-04-08T07:25:47.431626+00:00,Buddha Bugs,buddha-bugs:phoneutria-depilata-depilated-wandering-spider-for-sale,"Phoneutria depilata (depilated wandering spider) 0.33""",50.0,75.0,50.0
2026-04-08T07:25:47.431626+00:00,Big Apple Herp,big-apple-herp:bushveld-rain-frogs-for-sale,South African Rain Frogs,99.95,26.95,73.0
2026-04-08T07:25:47.431626+00:00,Big Apple Herp,big-apple-herp:african-green-bush-snakes,African Green Bush Snakes,24.95,42.95,72.1
2026-04-08T07:25:47.431626+00:00,Big Apple Herp,big-apple-herp:emerald-black-tree-skinks,Emerald & Black Tree Skinks,49.95,69.95,40.0
2026-04-08T07:25:47.431626+00:00,Big Apple Herp,big-apple-herp:socotra-island-blue-tarantulas,Socotra Island Blue Tarantulas,109.0,99.95,8.3
2026-04-08T07:25:47.431626+00:00,Big Apple Herp,big-apple-herp:eastern-garter-snakes,Eastern Garter Snakes,84.95,99.95,17.7
2026-04-08T07:25:47.431626+00:00,Coast2Coast Beetles,coast2coast-beetles:xylotrupes-pachycera-adult-pair,Xylotrupes pachycera minor male,100.0,60.0,40.0
2026-04-08T07:25:47.431626+00:00,The World of Isopods,the-world-of-isopods:thai-blue-millipedes,Philippines Blue Millipedes,50.0,40.0,20.0
2026-04-08T07:25:47.431626+00:00,JMZ Butterfly Farm,jmz-butterfly-farm:polyphemus-moth-eggs,Polyphemus Moth Eggs,45.0,30.0,33.3
2026-04-08T07:25:47.431626+00:00,JMZ Butterfly Farm,jmz-butterfly-farm:malachite-butterfly-caterpillars-or-chrysalis,Malachite Butterfly Caterpillars or Chrysalis,65.0,85.0,30.8
2026-04-08T07:25:47.431626+00:00,Riverbottom Butterflies,riverbottom-butterflies:butterfly-party-house-for-birthdays-or-special-events-copy,Butterfly Party House Shipped To You (Anywhere in the US),550.0,595.0,8.2
2026-04-12T07:19:14.695954+00:00,The Defiant Forest,the-defiant-forest:mediterranean-ladybird-velvet-spider,"Eastern Mediterranean Ladybird Velvet Spider, Eresus walckenaeri",39.0,42.0,7.7
2026-04-12T07:19:14.695954+00:00,The Defiant Forest,the-defiant-forest:desert-hairy-scorpion-hadrurus-arizonensis,"Desert Hairy Scorpion, Hadrurus arizonensis",18.0,24.0,33.3
2026-04-12T07:19:14.695954+00:00,The Defiant Forest,the-defiant-forest:borneo-purple-earth-tiger-tarantula,"Borneo Purple Earth Tiger Tarantula, Cyriopagopus sp.",30.0,32.0,6.7
2026-04-12T07:19:14.695954+00:00,Exotics Unlimited,exotics-unlimited:brachypelma-auratum-mexican-flame-knee-tarantula-1-5-2-copy,Brachypelma auratum (Mexican Flame Knee Tarantula),45.0,85.0,88.9
2026-04-12T07:19:14.695954+00:00,Nature's Good Guys,natures-good-guys:safer-home-fruit-fly-trap,Safer Home Fruit Fly Trap,5.0,7.99,59.8
2026-04-12T07:19:14.695954+00:00,Insect Lore,insect-lore:cup-of-caterpillars-special-offer,Cup Of Caterpillars - Special Offer!,8.99,9.99,11.1
2026-04-12T07:19:14.695954+00:00,Insect Lore,insect-lore:tube-of-ladybug-larvae-special-offer,Tube of Ladybug Larvae - Special Offer!,9.99,11.99,20.0
2026-04-12T07:19:14.695954+00:00,Meme's Worms,memes-worms:20000-red-wiggler-composting-worms-for-sale,20LBS Pure Red Wiggler Composting Worms For Sale - FREE SHIPPING  (Approx. 20000 Worms),919.99,1190.99,29.5
2026-04-12T07:19:14.695954+00:00,Meme's Worms,memes-worms:10000-red-wiggler-composting-worms-for-sale,10LBS Pure Red Wiggler Composting Worms For Sale - FREE SHIPPING (Approx. 10000 Worms),459.99,599.99,30.4
2026-04-12T07:19:14.695954+00:00,Meme's Worms,memes-worms:5000-red-wiggler-composting-worms-for-sale,5LBS Pure Red Wiggler Composting Worms For Sale - FREE SHIPPING (Approx. 5000 Worms),279.99,299.99,7.1
2026-04-12T07:19:14.695954+00:00,Meme's Worms,memes-worms:european-nightcrawlers-100-pure,Bulk Pure European Nightcrawlers For Sale - Composting Worms - FREE SHIPPING,159.99,239.99,50.0
2026-04-12T07:19:14.695954+00:00,Meme's Worms,memes-worms:bulk-composting-worm-mix-red-wigglers-and-european-nightcrawlers,Bulk Composting Worm Mix - Pure Red Wigglers and European Nightcrawlers - FREE SHIPPING,199.99,299.99,50.0
2026-04-12T07:19:14.695954+00:00,DubiaRoaches.com,dubiaroaches:80w-heat-panel-reptile-habitat-auction-13,80w Heat Panel Reptile Habitat Auction,20.0,120.0,500.0
2026-04-12T07:19:14.695954+00:00,DubiaRoaches.com,dubiaroaches:x-small-dubia-roaches-500ct-auction-8,X-Small Dubia Roaches 500ct Auction,1.0,33.0,3200.0
2026-04-12T07:19:14.695954+00:00,DubiaRoaches.com,dubiaroaches:large-hornworm-12ct-case-of-6-auction-11,Large Hornworm 12ct (Case Of 6) Auction,1.0,35.0,3400.0
2026-04-12T07:19:14.695954+00:00,DubiaRoaches.com,dubiaroaches:4x2x2-v3-120-gallon-auction-9,4x2x2 V3 (120 Gallon) Auction,40.0,275.0,587.5
2026-04-12T07:19:14.695954+00:00,DubiaRoaches.com,dubiaroaches:hornworm-moth-pupa-sexed-pair-manduca-sexta-auction-2,Hornworm Moth Pupa Sexed Pair (Manduca sexta) Auction,1.0,7.0,600.0
2026-04-12T07:19:14.695954+00:00,DubiaRoaches.com,dubiaroaches:large-discoid-250ct-auction-18,Large Discoid 250ct Auction,1.0,16.0,1500.0
2026-04-12T07:19:14.695954+00:00,Exotics Source,exotics-source:regal-jumping-spider-sunkiss,"Regal Jumping Spider ""Sunkiss""",75.0,95.0,26.7
2026-04-12T07:19:14.695954+00:00,Exotics Source,exotics-source:regal-jumping-spider-ignisa,"Regal Jumping Spider ""Ignisa""",75.0,95.0,26.7
2026-04-12T07:19:14.695954+00:00,Exotics Source,exotics-source:regal-jumping-spider-firecracker-for-sale,"Regal Jumping Spider ""Firecracker""",75.0,65.0,13.3
2026-04-12T07:19:14.695954+00:00,Exotics Source,exotics-source:regal-jumping-spider-cinnamon-1,"Regal Jumping Spider ""Cinnamon""",75.0,65.0,13.3
2026-04-12T07:19:14.695954+00:00,Exotics Source,exotics-source:regal-jumping-spider-cerelia,Regal Jumping Spider “Cerelia”,75.0,95.0,26.7
2026-04-12T07:19:14.695954+00:00,Exotics Source,exotics-source:regal-jumping-spider-charm,Regal Jumping Spider “Charm”,75.0,95.0,26.7
2026-04-12T07:19:14.695954+00:00,Exotics Source,exotics-source:regal-jumping-spider-plum,"Regal Jumping Spider ""Plum""",95.0,75.0,21.1
2026-04-12T07:19:14.695954+00:00,Spider Shoppe,spider-shoppe:diplura-sanguinea-blood-red-curtain-web-0-75,Diplura sanguinea (Blood Red Curtain Web),58.0,68.0,17.2
2026-04-12T07:19:14.695954+00:00,Tropical Isopods,tropical-isopods:armadillidium-granulatum-magic-potion,Armadillidium Granulatum “Magic Potion”,40.0,50.0,25.0
2026-04-12T07:19:14.695954+00:00,Tropical Isopods,tropical-isopods:porcellio-bolivari-bolivari-isopod-for-sale,"Porcellio Bolivari ""Bolivari""",30.0,50.0,66.7
2026-04-12T07:19:14.695954+00:00,Best Bee Brothers,best-bee-brothers:combo-2-2-carpenter-bee-ultimate-pro-traps-with-bee-vault-and-1-bee-licious-bee-bait-copy,COMBO #2 - 2 Ultimate Pro Carpenter Bee Traps with Bee Vault and 1 Bee-Licious Bee Bait,68.99,61.99,10.1
2026-04-12T07:19:14.695954+00:00,Buddha Bugs,buddha-bugs:phoneutria-depilata-depilated-wandering-spider-for-sale,"Phoneutria depilata (depilated wandering spider) 0.33""",75.0,50.0,33.3
2026-04-12T07:19:14.695954+00:00,American Reptile Distributors,american-reptile-distributors:spiny-hill-turtle-cb-2024-11-heosemys-spinosa,Spiny Hill Turtle CB 2024 #11 (Heosemys spinosa),599.99,399.99,33.3
2026-04-12T07:19:14.695954+00:00,American Reptile Distributors,american-reptile-distributors:spiny-hill-turtle-cb-2024-10-heosemys-spinosa,Spiny Hill Turtle CB 2024 #10 (Heosemys spinosa),599.99,399.99,33.3
2026-04-12T07:19:14.695954+00:00,American Reptile Distributors,american-reptile-distributors:spiny-hill-turtle-cb-2024-9-heosemys-spinosa,Spiny Hill Turtle CB 2024 #9 (Heosemys spinosa),599.99,399.99,33.3
2026-04-12T07:19:14.695954+00:00,American Reptile Distributors,american-reptile-distributors:pink-bellied-snapping-turtle-adult-pair-1-elseya-novaguineae,Pink Bellied Snapping Turtle Adult Pair #1 (Elseya novaguineae),149.99,99.99,33.3
2026-04-12T07:19:14.695954+00:00,Big Apple Herp,big-apple-herp:clown-ball-pythons-for-sale,Clown Ball Pythons for Sale – Multiple Morphs Available,159.0,169.0,6.3
2026-04-12T07:19:14.695954+00:00,Big Apple Herp,big-apple-herp:blue-whites-blue-eyed-tree-frogs,Whites BLUE EYED Tree Frogs,54.95,42.95,21.8
2026-04-12T07:19:14.695954+00:00,Big Apple Herp,big-apple-herp:amber-corn-snakes,Amber Corn Snakes,79.0,74.95,5.1
2026-04-12T07:19:14.695954+00:00,Coast2Coast Beetles,coast2coast-beetles:xylotrupes-pachycera-adult-pair,Xylotrupes pachycera minor pair,60.0,100.0,66.7
2026-04-12T07:19:14.695954+00:00,Imperial Reptiles,imperial-reptiles:t-albino-chocolate-water-monitor-for-sale,T+ Albino “Chocolate” Water Monitor,3500.0,1999.99,42.9
2026-04-12T07:19:14.695954+00:00,Grow Organic,grow-organic:peaceful-valley-low-profile-habitat-blend-mix-lb,Peaceful Valley Low Profile Habitat Blend Mix (lb),7.49,25.99,247.0
2026-04-12T07:19:14.695954+00:00,Tar Heel Ants,tar-heel-ants:camponotus-chromaiodes-4-8-workersmini-hearth-bundle,Camponotus chromaiodes (6-8workers)w/ Mini Hearth Formicarium,95.0,100.99,6.3
2026-04-12T07:19:14.695954+00:00,Tar Heel Ants,tar-heel-ants:camponotus-chromaiodes-3-5-workers-queenants-only,"Camponotus chromaiodes (6-8 workers, queen)(Ants Only)",50.0,60.0,20.0
2026-04-12T07:19:14.695954+00:00,JMZ Butterfly Farm,jmz-butterfly-farm:luna-moth-eggs,Luna Moth Eggs,30.0,15.0,50.0
2026-04-12T07:19:14.695954+00:00,JMZ Butterfly Farm,jmz-butterfly-farm:atala-butterfly-caterpillars-or-chrysalis,Atala Butterfly Caterpillars or Chrysalis,45.0,40.0,11.1
2026-04-12T07:19:14.695954+00:00,JMZ Butterfly Farm,jmz-butterfly-farm:gulf-fritillary-caterpillar-or-chrysalis-preorder,Gulf Fritillary Caterpillar or Chrysalis,55.0,42.5,22.7
2026-04-12T07:19:14.695954+00:00,JMZ Butterfly Farm,jmz-butterfly-farm:pipevine-swallowtail-caterpillars-or-chrysalis,Pipevine Swallowtail Caterpillars or Chrysalis,85.0,42.5,50.0
2026-04-12T07:19:14.695954+00:00,JMZ Butterfly Farm,jmz-butterfly-farm:tiger-swallowtail-caterpillars-or-chrysalis,Tiger Swallowtail Caterpillars or Chrysalis,70.0,50.0,28.6
2026-04-12T07:19:14.695954+00:00,JMZ Butterfly Farm,jmz-butterfly-farm:monarch-caterpillars-or-chrysalis,Monarch Caterpillars or Chrysalis,65.0,45.0,30.8
2026-04-15T07:52:29.051074+00:00,USMANTIS,usmantis:fruit-flies-wingless,Fruit Flies Wingless Melanogaster culture,12.5,15.0,20.0
2026-04-15T07:52:29.051074+00:00,The Defiant Forest,the-defiant-forest:african-tailless-whipscorpion-damon-variegatus,"Giant African Whip Spider, Damon variegatus",30.0,28.0,6.7
2026-04-15T07:52:29.051074+00:00,Nature's Good Guys,natures-good-guys:protection-sleeves-sunlit-blossom-1,Protection Sleeves - Sunlit Blossom UPF 50+,22.0,26.99,22.7
2026-04-15T07:52:29.051074+00:00,Nature's Good Guys,natures-good-guys:protection-sleeves-forest-green,Protection Sleeves - Forest Green UPF 50+,22.0,26.99,22.7
2026-04-15T07:52:29.051074+00:00,Nature's Good Guys,natures-good-guys:protection-sleeves-golden-sunflower-upf-50,Protection Sleeves - Golden Sunflower - UPF 50+,24.0,26.99,12.5
2026-04-15T07:52:29.051074+00:00,Nature's Good Guys,natures-good-guys:protection-sleeves-monarch-upf-50,Protection Sleeves - Monarch - UPF 50+,22.0,26.99,22.7
2026-04-15T07:52:29.051074+00:00,Nature's Good Guys,natures-good-guys:protection-sleeves-fungi-upf-50,Protection Sleeves - Fungi - UPF 50+,22.0,26.99,22.7
2026-04-15T07:52:29.051074+00:00,Nature's Good Guys,natures-good-guys:protection-sleeves-veggie-upf-50,Protection Sleeves - Veggie - UPF 50+,22.0,26.99,22.7
2026-04-15T07:52:29.051074+00:00,Meme's Worms,memes-worms:european-nightcrawlers-100-pure,Bulk Pure European Nightcrawlers For Sale - Composting Worms - FREE SHIPPING,239.99,199.99,16.7
2026-04-15T07:52:29.051074+00:00,DubiaRoaches.com,dubiaroaches:medium-hornworm-24ct-case-of-12-auction-16,Medium Hornworm 24ct (Case Of 12) Auction,1.0,41.0,4000.0
2026-04-15T07:52:29.051074+00:00,DubiaRoaches.com,dubiaroaches:medium-discoid-roaches-500ct-auction-11,Medium Discoid Roaches 500ct Auction,1.0,21.0,2000.0
2026-04-15T07:52:29.051074+00:00,DubiaRoaches.com,dubiaroaches:hornworm-moth-pupa-sexed-pair-manduca-sexta-auction-3,Hornworm Moth Pupa Sexed Pair (Manduca sexta) Auction,1.0,3.0,200.0
2026-04-15T07:52:29.051074+00:00,DubiaRoaches.com,dubiaroaches:48x24x12-60-gallon-v2-auction-7,48x24x12 (60 Gallon) V2 Auction,1.0,155.0,15400.0
2026-04-15T07:52:29.051074+00:00,DubiaRoaches.com,dubiaroaches:medium-mealworm-500ct-auction-4,Medium Mealworm 500ct Auction,1.0,11.0,1000.0
2026-04-15T07:52:29.051074+00:00,DubiaRoaches.com,dubiaroaches:220w-heat-panel-reptile-habitat-auction-10,220w Heat Panel Reptile Habitat Auction,20.0,155.0,675.0
2026-04-15T07:52:29.051074+00:00,Flow Hive,flow-hive:flow-ideal-super,Flow Ideal Super,45.0,60.0,33.3
2026-04-15T07:52:29.051074+00:00,Fear Not Tarantulas,fear-not-tarantulas:phidippus-regius-jumping-spider-for-sale,"Phidippus regius (Regal Jumping Spider) Probable MALE about 1/2"" - 1"" CAPTIVE BORN AND RAISED",45.0,35.0,22.2
2026-04-15T07:52:29.051074+00:00,Fear Not Tarantulas,fear-not-tarantulas:fear-not-walk-in-the-park-journey-pack,"A Walk In The Park Journey Pack!  2 SPIDERLINGS WITH HABITATS. Perfect for any keeper, even first time tarantula keepers!  SEE DESCRIPTION! *ONE PER SHIPMENT*",85.0,125.0,47.1
2026-04-15T07:52:29.051074+00:00,Fear Not Tarantulas,fear-not-tarantulas:ornithoctoninae-sp-silver-tarantula,"Ornithoctoninae sp. Vietnam Silver Tarantula about 1 1/4"" - 1 1/2"" *** IN-STORE ONLY DUE TO PREMOLT AS OF 4/13 ***",65.0,79.0,21.5
2026-04-15T07:52:29.051074+00:00,Fear Not Tarantulas,fear-not-tarantulas:shipping-nearest-fedex-facility,Shipping to the nearest FedEx facility USE ONLY IF YOU HAVE AN ORDER PLACED AND FORGOT TO PAY SHIPPING!!!! You will have shipping options at checkout.,35.0,29.0,17.1
2026-04-15T07:52:29.051074+00:00,Exotics Source,exotics-source:regal-jumping-spider-poppy,Regal Jumping Spider “Poppy”,75.0,95.0,26.7
2026-04-15T07:52:29.051074+00:00,Exotics Source,exotics-source:regal-jumping-spider-sterling,Regal Jumping Spider “Sterling”,75.0,95.0,26.7
2026-04-15T07:52:29.051074+00:00,Exotics Source,exotics-source:regal-jumping-spider-sable,Regal Jumping Spider “Sable”,75.0,95.0,26.7
2026-04-15T07:52:29.051074+00:00,Exotics Source,exotics-source:regal-jumping-spider-vixen,Regal Jumping Spider “Vixen”,75.0,95.0,26.7
2026-04-15T07:52:29.051074+00:00,Exotics Source,exotics-source:regal-jumping-spider-bumble,"Regal Jumping Spider ""Bumble""",75.0,95.0,26.7
2026-04-15T07:52:29.051074+00:00,Exotics Source,exotics-source:regal-jumping-spider-manzana,"Regal Jumping Spider ""Manzana""",75.0,95.0,26.7
2026-04-15T07:52:29.051074+00:00,Exotics Source,exotics-source:regal-jumping-spider-snowball,"Regal Jumping Spider ""Snowball""",75.0,95.0,26.7
2026-04-15T07:52:29.051074+00:00,Exotics Source,exotics-source:regal-jumping-spider-jasmine,"Regal Jumping Spider ""Jasmine""",75.0,65.0,13.3
2026-04-15T07:52:29.051074+00:00,Exotics Source,exotics-source:regal-jumping-spider-grape,"Regal Jumping Spider ""Grape""",75.0,95.0,26.7
2026-04-15T07:52:29.051074+00:00,Exotics Source,exotics-source:regal-jumping-spider-plum,"Regal Jumping Spider ""Plum""",75.0,95.0,26.7
2026-04-15T07:52:29.051074+00:00,Exotics Source,exotics-source:regal-jumping-spider-coconut-1,"Regal Jumping Spider ""Coconut""",75.0,95.0,26.7
2026-04-15T07:52:29.051074+00:00,Exotics Source,exotics-source:regal-jumping-spider-angel,"Regal Jumping Spider ""Angel""",75.0,95.0,26.7
2026-04-15T07:52:29.051074+00:00,Exotics Source,exotics-source:regal-jumping-spider-pepper,"Regal Jumping Spider ""Pepper""",75.0,95.0,26.7
2026-04-15T07:52:29.051074+00:00,Exotics Source,exotics-source:regal-jumping-spider-cupid,"Regal Jumping Spider ""Cupid""",75.0,95.0,26.7
2026-04-15T07:52:29.051074+00:00,Praying Mantis Shop,praying-mantis-shop:silkworms-extra-small,Silkworms - Small,12.5,11.5,8.0
2026-04-15T07:52:29.051074+00:00,Buddha Bugs,buddha-bugs:aphonopelma-hentzi-texas-brown-tarantula-for-sale,"Aphonopelma hentzi (Texas brown tarantula) 0.33""",15.0,25.0,66.7
2026-04-15T07:52:29.051074+00:00,Big Apple Herp,big-apple-herp:banana-ball-pythons-for-sale,Banana Ball Pythons for Sale – Multiple Morphs Available,229.95,219.95,4.3
2026-04-15T07:52:29.051074+00:00,Big Apple Herp,big-apple-herp:ambilobe-panther-chameleons,Ambilobe Panther Chameleons,389.95,409.95,5.1
2026-04-15T07:52:29.051074+00:00,Big Apple Herp,big-apple-herp:schneider-s-dwarf-caimans,Dwarf Caimans,349.95,389.95,11.4
2026-04-15T07:52:29.051074+00:00,Big Apple Herp,big-apple-herp:smooth-front-caiman,Smooth Front Dwarf Caimans,369.0,339.95,7.9
2026-04-15T07:52:29.051074+00:00,Big Apple Herp,big-apple-herp:salamanders-for-sale,Salamanders (Various Species),29.95,27.95,6.7
2026-04-15T07:52:29.051074+00:00,Rubber Ducky Isopods,rubber-ducky-isopods:rubber-ducky-isopods,"""Rubber Ducky OG "" SOUGHT AFTER Designer Isopods (Cubaris sp)  6 Count",149.49,119.49,20.1
2026-04-15T07:52:29.051074+00:00,Tar Heel Ants,tar-heel-ants:formica-subsericea-queen-and-colony-2nd-year,Formica subsericea Queen and Colony (4-6 workers),55.0,60.0,9.1
2026-04-15T07:52:29.051074+00:00,Tar Heel Ants,tar-heel-ants:pogonomyrmex-occidentalis-bundle-40-workersfallen-fortress-bundle,"Pogonomyrmex occidentalis Bundle (40+ workers, Queen)(Fallen Fortress Bundle)",169.99,159.99,5.9
2026-04-15T07:52:29.051074+00:00,JMZ Butterfly Farm,jmz-butterfly-farm:luna-moth-eggs,Luna Moth Eggs,15.0,60.0,300.0
2026-04-15T07:52:29.051074+00:00,JMZ Butterfly Farm,jmz-butterfly-farm:atala-butterfly-caterpillars-or-chrysalis,Atala Butterfly Caterpillars or Chrysalis,40.0,45.0,12.5
2026-04-15T07:52:29.051074+00:00,JMZ Butterfly Farm,jmz-butterfly-farm:gulf-fritillary-caterpillar-or-chrysalis-preorder,Gulf Fritillary Caterpillar or Chrysalis,42.5,55.0,29.4
2026-04-15T07:52:29.051074+00:00,JMZ Butterfly Farm,jmz-butterfly-farm:pipevine-swallowtail-caterpillars-or-chrysalis,Pipevine Swallowtail Caterpillars or Chrysalis,42.5,85.0,100.0
2026-04-15T07:52:29.051074+00:00,JMZ Butterfly Farm,jmz-butterfly-farm:tiger-swallowtail-caterpillars-or-chrysalis,Tiger Swallowtail Caterpillars or Chrysalis,50.0,70.0,40.0
2026-04-15T07:52:29.051074+00:00,JMZ Butterfly Farm,jmz-butterfly-farm:monarch-caterpillars-or-chrysalis,Monarch Caterpillars or Chrysalis,45.0,65.0,44.4
2026-04-15T07:52:29.051074+00:00,Terrarium Tribe,terrarium-tribe:activated-charcoal,Activated Charcoal for Terrariums (Fine Grade),8.95,6.95,22.3
2026-04-19T07:24:23.976847+00:00,The Defiant Forest,the-defiant-forest:socotra-island-blue-baboon-tarantula-monocentropus-balfouri,"Socotra Island Blue Baboon Tarantula, Monocentropus balfouri",44.0,42.0,4.5
2026-04-19T07:24:23.976847+00:00,The Defiant Forest,the-defiant-forest:mexican-giant-red-knee-tarantulas,"Mexican Giant Red Knee Tarantula, Brachypelma smithi",49.0,85.0,73.5
2026-04-19T07:24:23.976847+00:00,Ty Dye Exotics,ty-dye-exotics:phormictopus-sp-dominican-purple-dominican-purple-birdeater-tarantula-stunning-caribbean-species-live-arrival-guarantee-1,Phormingochilus arboricola – Borneo Black Tarantula | Rare Arboreal Species | Live Arrival Guarantee,57.99,64.99,12.1
2026-04-19T07:24:23.976847+00:00,Ty Dye Exotics,ty-dye-exotics:lychas-mucronatus-chinese-swimming-scorpion-remarkable-aquatic-bark-scorpion-live-arrival-guarantee,Lychas mucronatus – Chinese Swimming Scorpion | Remarkable Aquatic Bark Scorpion | Live Arrival Guarantee,37.99,25.99,31.6
2026-04-19T07:24:23.976847+00:00,Ty Dye Exotics,ty-dye-exotics:thrixopelma-pruriens-peruvian-green-velvet-tarantula-emerald-desert-jewel-live-arrival-guarantee,Ewok pruriens – Peruvian Green Velvet Tarantula | Emerald Desert Jewel | Live Arrival Guarantee,39.99,27.99,30.0
2026-04-19T07:24:23.976847+00:00,Ty Dye Exotics,ty-dye-exotics:parabuthus-villosus-black-black-hairy-thick-tail-scorpion-largest-buthid-on-the-planet-live-arrival-guarantee,Parabuthus villosus 'Black' – Black Hairy Thick Tail Scorpion | Largest Buthid on the Planet | Live Arrival Guarantee,59.99,64.99,8.3
2026-04-19T07:24:23.976847+00:00,Ty Dye Exotics,ty-dye-exotics:cyriopagopus-sp-valhalla-emerald-shadow-tree-spider-for-sale-live-arrival-guarantee,Cyriopagopus sp Valhalla - Emerald Shadow Tree Spider for Sale | Live Arrival Guarantee,154.99,197.99,27.7
2026-04-19T07:24:23.976847+00:00,Ty Dye Exotics,ty-dye-exotics:monocentropus-balfouri-socotra-island-blue-tarantula-for-sale-live-arrival-guarantee,Monocentropus balfouri - Socotra Island Blue Tarantula for Sale | Live Arrival Guarantee,47.99,49.99,4.2
2026-04-19T07:24:23.976847+00:00,Ty Dye Exotics,ty-dye-exotics:vitalius-chromatus-brazilian-red-white-tarantula-candy-cane-beauty-live-arrival-guarantee,Vitalius chromatus – Brazilian Red & White Tarantula | Candy Cane Beauty | Live Arrival Guarantee,31.99,43.99,37.5
2026-04-19T07:24:23.976847+00:00,Ty Dye Exotics,ty-dye-exotics:ewok-kimraykawsaki-peruvian-royalty-tarantula-stunning-high-altitude-beauty-live-arrival-guarantee,Ewok kimraykawsaki – Peruvian Royalty Tarantula | Stunning High-Altitude Beauty | Live Arrival Guarantee,124.99,144.99,16.0
2026-04-19T07:24:23.976847+00:00,Ty Dye Exotics,ty-dye-exotics:eresus-walckenaeri-greek-velvet-spider-adorable-plushy-spood-live-arrival-guarantee,Eresus walckenaeri – Greek Velvet Spider | Adorable Live Plushy Spood | Live Arrival Guarantee,68.99,69.99,1.4
2026-04-19T07:24:23.976847+00:00,Ty Dye Exotics,ty-dye-exotics:megaphobema-sp-white-colombian-giant-white-leg-tarantula-rare-terrestrial-giant-live-arrival-guarantee,Megaphobema sp White – Colombian Giant White Leg Tarantula | Rare Terrestrial Giant | Live Arrival Guarantee,224.99,249.99,11.1
2026-04-19T07:24:23.976847+00:00,Ty Dye Exotics,ty-dye-exotics:tapinauchenius-plumipes-violet-tree-spider-mahogany-tree-spider-stunning-arboreal-species-live-arrival-guarantee,Tapinauchenius plumipes – Violet Tree Spider | Mahogany Tree Spider | Stunning Arboreal Species | Live Arrival Guarantee,37.99,41.99,10.5
2026-04-19T07:24:23.976847+00:00,Ty Dye Exotics,ty-dye-exotics:psalmopoeus-emeraldus-esmeraldus-birdeater-green-chevron-beauty-live-arrival-guarantee,Psalmopoeus emeraldus – Emerald Chevron Tarantula | Green Chevron Beauty | Live Arrival Guarantee,64.99,79.99,23.1
2026-04-19T07:24:23.976847+00:00,Ty Dye Exotics,ty-dye-exotics:pelinobius-muticus-king-baboon-tarantula-massive-african-species-live-arrival-guarantee,Pelinobius muticus – King Baboon Tarantula | Massive African Species | Live Arrival Guarantee,53.99,57.99,7.4
2026-04-19T07:24:23.976847+00:00,Ty Dye Exotics,ty-dye-exotics:ceratogyrus-darlingi-rear-horned-baboon,Ceratogyrus darlingi - Rear Horned Baboon Tarantula for Sale | Live Arrival Guarantee,37.99,41.99,10.5
2026-04-19T07:24:23.976847+00:00,Ty Dye Exotics,ty-dye-exotics:pamphobeteus-sp-machala-colombian-purple-bloom-birdeater-tarantula-purple-velvet-giant-live-arrival-guarantee,Pamphobeteus sp Machala – Purple Bloom Birdeater Tarantula | Purple Velvet Giant | Live Arrival Guarantee,79.99,84.99,6.3
2026-04-19T07:24:23.976847+00:00,Ty Dye Exotics,ty-dye-exotics:cyriocosmus-elegans-trinidad-dwarf-tarantula-adorable-heart-butt-dwarf-live-arrival-guarantee,Cyriocosmus elegans – Trinidad Dwarf Tarantula | Adorable Heart Butt Dwarf | Live Arrival Guarantee,41.99,27.75,33.9
2026-04-19T07:24:23.976847+00:00,Ty Dye Exotics,ty-dye-exotics:aphonopelma-chalcodes-arizona-blonde-tarantula-live-arrival-guarantee,Aphonopelma chalcodes – Arizona Blonde Tarantula | Among the Most Handleable Tarantulas | Live Arrival Guarantee,67.99,29.99,55.9
2026-04-19T07:24:23.976847+00:00,Ty Dye Exotics,ty-dye-exotics:teruelius-grandidieri-madagascan-black-scorpion-rare-madagascar-species-live-arrival-guarantee,Teruelius grandidieri – Madagascan Black Scorpion | Rare Madagascar Species | Live Arrival Guarantee,49.99,57.99,16.0
2026-04-19T07:24:23.976847+00:00,Ty Dye Exotics,ty-dye-exotics:hottentotta-gentili-central-clade-black-alligator-back-scorpion-large-moroccan-species-live-arrival-guarantee,Hottentotta gentili 'Central Clade' – Black Alligator Back Scorpion | Large Moroccan Species | Live Arrival Guarantee,59.99,64.99,8.3
2026-04-19T07:24:23.976847+00:00,Ty Dye Exotics,ty-dye-exotics:hottentotta-caboverdensis-cape-verde-alligator-back-scorpion-rare-parthenogenic-species-live-arrival-guarantee,Hottentotta caboverdensis – Cape Verde Alligator Back Scorpion | Rare Parthenogenic Species | Live Arrival Guarantee,49.99,54.99,10.0
2026-04-19T07:24:23.976847+00:00,Ty Dye Exotics,ty-dye-exotics:phormingochilus-sp-sabah-red-crimson-purple-bat-eater-tarantula-rare-malaysian-species-live-arrival-guarantee,Phormingochilus sp Sabah Red – Crimson Purple Bat Eater Tarantula | Rare Malaysian Species | Live Arrival Guarantee,97.99,108.99,11.2
2026-04-19T07:24:23.976847+00:00,Ty Dye Exotics,ty-dye-exotics:orphnaecus-sp-merinduque-purple-merinduque-purple-tarantula-rare-philippine-species-live-arrival-guarantee,"Orphnaecus sp. ""Merinduque Purple"" – Merinduque Purple Tarantula | Rare Philippine Species | Live Arrival Guarantee",64.99,74.99,15.4
2026-04-19T07:24:23.976847+00:00,Ty Dye Exotics,ty-dye-exotics:omothymus-violaceopes-singapore-blue-tarantula-stunning-blue-species-live-arrival-guarantee,Omothymus violaceopes – Singapore Blue Tarantula | Stunning Blue Species | Live Arrival Guarantee,54.99,41.99,23.6
2026-04-19T07:24:23.976847+00:00,Ty Dye Exotics,ty-dye-exotics:ischnocolus-vanandelae-omani-golden-tiger-tarantula-for-sale-live-arrival-guarantee,Ischnocolus vanandelae - Omani Golden Tiger Tarantula for Sale | Live Arrival Guarantee,51.99,57.99,11.5
2026-04-19T07:24:23.976847+00:00,Ty Dye Exotics,ty-dye-exotics:ischnocolus-jickelii-blue-dhofar-blue-dwarf-tarantula-for-sale-live-arrival-guarantee,Ischnocolus jickelii 'Blue' - Dhofar Blue Dwarf Tarantula for Sale | Live Arrival Guarantee,154.99,85.0,45.2
2026-04-19T07:24:23.976847+00:00,Ty Dye Exotics,ty-dye-exotics:homoeomma-orellanai-chilean-yellow-flame-tarantula-for-sale-live-arrival-guarantee,Homoeomma orellanai - Chilean Yellow Flame Tarantula for Sale | Live Arrival Guarantee,174.99,125.0,28.6
2026-04-19T07:24:23.976847+00:00,Ty Dye Exotics,ty-dye-exotics:harpactirella-overdijki-overdijkis-lesser-baboon-tarantula-for-sale-live-arrival-guarantee,Harpactirella overdijki - Overdijki's Lesser Baboon Tarantula for Sale | Live Arrival Guarantee,87.99,89.99,2.3
2026-04-19T07:24:23.976847+00:00,Ty Dye Exotics,ty-dye-exotics:harpactira-pulchripes-golden-blue-leg-baboon-tarantula-for-sale-live-arrival-guarantee,Harpactira pulchripes - Golden Blue Leg Baboon Tarantula for Sale | Live Arrival Guarantee,57.99,64.99,12.1
2026-04-19T07:24:23.976847+00:00,Ty Dye Exotics,ty-dye-exotics:harpactira-marksi-elizabethfontein-baboon-tarantula-for-sale-live-arrival-guarantee,Harpactira marksi - Elizabethfontein Baboon Tarantula for Sale | Live Arrival Guarantee,87.99,89.99,2.3
2026-04-19T07:24:23.976847+00:00,Ty Dye Exotics,ty-dye-exotics:grammostola-pulchripes-chaco-golden-knee-tarantula-for-sale-live-arrival-guarantee,Grammostola pulchripes - Chaco Golden Knee Tarantula for Sale | Live Arrival Guarantee,37.99,39.99,5.3
2026-04-19T07:24:23.976847+00:00,Ty Dye Exotics,ty-dye-exotics:grammostola-pulchra-brazilian-black-tarantula-for-sale-live-arrival-guarantee,Grammostola pulchra - Brazilian Black Tarantula for Sale | Live Arrival Guarantee,87.99,59.99,31.8
2026-04-19T07:24:23.976847+00:00,Ty Dye Exotics,ty-dye-exotics:ceratogyrus-sanderi-namibian-horned-baboon-tarantula-for-sale-live-arrival-guarantee,Ceratogyrus sanderi - Namibian Horned Baboon Tarantula for Sale | Live Arrival Guarantee,54.99,57.99,5.5
2026-04-19T07:24:23.976847+00:00,Ty Dye Exotics,ty-dye-exotics:avicularia-purpurea-purple-pink-toe-tarantula-for-sale-live-arrival-guarantee,Avicularia purpurea - Purple Pink Toe Tarantula for Sale | Live Arrival Guarantee,69.99,50.0,28.6
2026-04-19T07:24:23.976847+00:00,Ty Dye Exotics,ty-dye-exotics:chilobrachys-huahini-asain-fawn,Chilobrachys huahini - Asian Fawn Tarantula for Sale | Live Arrival Guarantee,34.99,39.99,14.3
2026-04-19T07:24:23.976847+00:00,Crown Bees,crown-bees:speedy-bee-lawn-seed-kit,Speedy Bee Lawn Seed Kit,39.99,29.99,25.0
2026-04-19T07:24:23.976847+00:00,Crown Bees,crown-bees:bee-lawn-seed-kit-easy-spread-shaker,Bee Lawn Seed Kit - Easy Spread Shaker,44.99,34.99,22.2
2026-04-19T07:24:23.976847+00:00,Crown Bees,crown-bees:thick-bee-lawn-seed-kit,Thick Bee Lawn Seed Kit,39.99,29.99,25.0
2026-04-19T07:24:23.976847+00:00,Crown Bees,crown-bees:micro-bee-lawn-seed-mixture-easy-spread-shaker,Micro Bee Lawn Seed Mixture - Easy Spread Shaker,54.99,44.99,18.2
2026-04-19T07:24:23.976847+00:00,Crown Bees,crown-bees:creeping-thyme-seed-pouch,Creeping Thyme Seed Pouch,14.99,9.99,33.4
2026-04-19T07:24:23.976847+00:00,Crown Bees,crown-bees:self-heal-seed-pouch,Self-Heal Seed Pouch,14.99,9.99,33.4
2026-04-19T07:24:23.976847+00:00,Crown Bees,crown-bees:white-yarrow-seed-pouch,White Yarrow Seed Pouch,4.99,3.99,20.0
2026-04-19T07:24:23.976847+00:00,Crown Bees,crown-bees:tri-color-clover-seed-easy-spread-shaker,Tri-Color Clover Seed Easy Spread Shaker,29.99,24.99,16.7
2026-04-19T07:24:23.976847+00:00,Insect Lore,insect-lore:pollinator-pods-copy,Pollinator Pods - Special Offer!,5.99,6.99,16.7
2026-04-19T07:24:23.976847+00:00,Meme's Worms,memes-worms:bulk-eisenia-andrei-red-wiggler-composting-worms,Bulk Pure Red Wiggler Composting Worms - FREE SHIPPING,428.99,599.99,39.9
2026-04-19T07:24:23.976847+00:00,DubiaRoaches.com,dubiaroaches:zoo-med-super-deluxe-10-stainless-steel-feeding-tongs-auction-18,Zoo Med Super Deluxe 10″ Stainless Steel Feeding Tongs Auction,1.0,4.0,300.0
2026-04-19T07:24:23.976847+00:00,DubiaRoaches.com,dubiaroaches:large-discoid-250ct-auction-22,Large Discoid 250ct Auction,1.0,30.0,2900.0
2026-04-19T07:24:23.976847+00:00,DubiaRoaches.com,dubiaroaches:medium-hornworm-24ct-case-of-12-auction-17,Medium Hornworm 24ct (Case Of 12) Auction,1.0,45.0,4400.0
2026-04-19T07:24:23.976847+00:00,DubiaRoaches.com,dubiaroaches:36x18x18-v3-50-gallon-auction-7,36x18x18 V3 (50 Gallon) Auction,30.0,181.0,503.3
2026-04-19T07:24:23.976847+00:00,DubiaRoaches.com,dubiaroaches:live-hornworm-moth-pupa-sexed-pair-manduca-sexta-auction-28,Live Hornworm Moth Pupa Sexed Pair (Manduca sexta) Auction,1.0,7.0,600.0
2026-04-19T07:24:23.976847+00:00,DubiaRoaches.com,dubiaroaches:80w-heat-panel-reptile-habitat-auction-16,80w Heat Panel Reptile Habitat Auction,20.0,115.0,475.0
2026-04-19T07:24:23.976847+00:00,Fear Not Tarantulas,fear-not-tarantulas:eresus-walckenaeri-ladybird-spider-velvet-spider-for-sale,"Eresus walckenaeri Orange Ring (Ladybird Spider, Velvet Spider) about 1/8"" - 1/4"" Includes habitat!",50.0,75.0,50.0
2026-04-19T07:24:23.976847+00:00,Exotics Source,exotics-source:regal-jumping-spider-jelly-bean,"Regal Jumping Spider ""Jelly Bean""",75.0,95.0,26.7
2026-04-19T07:24:23.976847+00:00,Exotics Source,exotics-source:copy-of-regal-jumping-spider-keylime,"Regal Jumping Spider ""Keylime""",95.0,75.0,21.1
2026-04-19T07:24:23.976847+00:00,Exotics Source,exotics-source:regal-jumping-spider-taffy,"Regal Jumping Spider ""Taffy""",95.0,75.0,21.1
2026-04-19T07:24:23.976847+00:00,Exotics Source,exotics-source:regal-jumping-spider-bessy,"Regal Jumping Spider ""Bessy""",75.0,95.0,26.7
2026-04-19T07:24:23.976847+00:00,Spider Shoppe,spider-shoppe:eublepharis-macularius-leopard-gecko-tremper-sunglow-female,Eublepharis macularius (Leopard Gecko) MIXED,180.0,52.0,71.1
2026-04-19T07:24:23.976847+00:00,Spider Shoppe,spider-shoppe:eublepharis-macularius-leopard-gecko-black-night-female-1,Eublepharis macularius (Leopard Gecko) Black Night,498.0,398.0,20.1
2026-04-19T07:24:23.976847+00:00,Spider Shoppe,spider-shoppe:scorpiops-validus-yunnan-rock-scorpion-1-2,Scorpiops validus (Yunnan Rock Scorpion),34.0,48.0,41.2
2026-04-19T07:24:23.976847+00:00,Spider Shoppe,spider-shoppe:scolopendra-mutilans-gold-gold-red-head-4,Scolopendra mutilans 'Gold' (Gold Red Head),78.0,68.0,12.8
2026-04-19T07:24:23.976847+00:00,Spider Shoppe,spider-shoppe:scolopendra-mutilans-red-head-centipede-3,Scolopendra mutilans (Red Head Centipede),34.0,28.0,17.6
2026-04-19T07:24:23.976847+00:00,Spider Shoppe,spider-shoppe:scolopendra-dehaani-china-chinese-beauty-centipede-1-5-6,Scolopendra dehaani 'China' (Giant Chinese Centipede),24.0,44.0,83.3
2026-04-19T07:24:23.976847+00:00,Spider Shoppe,spider-shoppe:lychas-maculatus-chinese-swimming-scorpion-1-2,Lychas mucronatus (Chinese Swimming Scorpion),12.0,28.0,133.3
2026-04-19T07:24:23.976847+00:00,Spider Shoppe,spider-shoppe:liocheles-australasiae-dwarf-wood-scorpion-0-25,"Liocheles australasiae (Dwarf Wood Scorpion) 0.5-1""",28.0,38.0,35.7
2026-04-19T07:24:23.976847+00:00,Spider Shoppe,spider-shoppe:aphonopelma-crinirufum-costa-rican-blue-front-2-5-3-pairs,Aphonopelma crinirufum (Costa Rican Blue Front),48.0,38.0,20.8
2026-04-19T07:24:23.976847+00:00,Spider Shoppe,spider-shoppe:bonnetina-tanzeri-michoacan-red-rump-1-5-2-females,Bonnetina tanzeri (Michoacan Red Rump),48.0,36.0,25.0
2026-04-19T07:24:23.976847+00:00,Spider Shoppe,spider-shoppe:augacephalus-junodi-golden-baboon-0-5,Augacephalus junodi (Golden Baboon),58.0,248.0,327.6
2026-04-19T07:24:23.976847+00:00,FangzTV,fangztv:brachypelma-albiceps-mexican-golden-red-rump-4,Brachypelma albiceps Mexican Golden Red Rump .25'',50.0,30.0,40.0
2026-04-19T07:24:23.976847+00:00,FangzTV,fangztv:phormictopus-sp-green-femur-green-femur-1,"Phormictopus sp. Green Gold Carapace 1""",65.0,75.0,15.4
2026-04-19T07:24:23.976847+00:00,FangzTV,fangztv:hysterocrates-gigas-2-cameroon-red-baboon-tarantula,Hysterocrates Gigas  Cameroon Red Baboon Tarantula 2'',20.0,30.0,50.0
2026-04-19T07:24:23.976847+00:00,FangzTV,fangztv:lasiocyano-sazimai-brazilian-blue-tarantula-5,Lasiocyano sazimai Brazilian Blue tarantula .25'',30.0,15.0,50.0
2026-04-19T07:24:23.976847+00:00,FangzTV,fangztv:ceratogyrus-marshalli-straight-horned-baboon-1-75,Ceratogyrus marshalli Straight Horned Baboon 2'',30.0,80.0,166.7
2026-04-19T07:24:23.976847+00:00,FangzTV,fangztv:phormictopus-sp-dominican-purple-1,Phormictopus sp 'Dominican Purple 1'',85.0,60.0,29.4
2026-04-19T07:24:23.976847+00:00,FangzTV,fangztv:nhandu-chromatus-brazilian-red-white-tarantula-25,Vitalius  (Nhandu) chromatus Brazilian red & white tarantula .25'',20.0,10.0,50.0
2026-04-19T07:24:23.976847+00:00,FangzTV,fangztv:tliltocatl-albopilosum-honduran-curlyhair-tarantula-75,Tliltocatl albopilosus Honduran curlyhair tarantula .75'',10.0,15.0,50.0
2026-04-19T07:24:23.976847+00:00,FangzTV,fangztv:poecilotheria-metallica-75-gooty-ornamental,"Poecilotheria metallica Gooty Ornamental 1""",100.0,98.0,2.0
2026-04-19T07:24:23.976847+00:00,FangzTV,fangztv:brachypelma-emilia-2-mexican-red-leg-tarantula,Brachypelma emilia 2'' Mexican Red Leg tarantula,85.0,90.0,5.9
2026-04-19T07:24:23.976847+00:00,FangzTV,fangztv:chilobrachys-huahini-asian-giant-fawn-tarantula-1,Chilobrachys Vietnam Blue tarantula 2'',20.0,25.0,25.0
2026-04-19T07:24:23.976847+00:00,Big Apple Herp,big-apple-herp:albino-checkered-garter-snakes,Albino Checkered Garter Snakes,199.95,189.95,5.0
2026-04-19T07:24:23.976847+00:00,Big Apple Herp,big-apple-herp:eastern-garter-snakes,Eastern Garter Snakes,99.95,49.95,50.0
2026-04-19T07:24:23.976847+00:00,Big Apple Herp,big-apple-herp:copy-of-albino-honduran-milksnakes,Snow Honduran Milksnakes,219.95,229.95,4.5
2026-04-19T07:24:23.976847+00:00,Coast2Coast Beetles,coast2coast-beetles:turkey-tail-kinshi-kawaratake-32oz-deli-cup,Turkey Tail Kinshi (Kawaratake) 32oz Deli Cup,10.0,15.0,50.0
2026-04-19T07:24:23.976847+00:00,Coast2Coast Beetles,coast2coast-beetles:hiratake-kinshi-oyster-mushroom,Hiratake Kinshi (oyster mushroom),10.0,15.0,50.0
2026-04-19T07:24:23.976847+00:00,Rubber Ducky Isopods,rubber-ducky-isopods:microforest-lite-bioactive-soil-substrate,Microforest Lite Soil | Bioactive Substrate,19.49,23.49,20.5
2026-04-19T07:24:23.976847+00:00,The World of Isopods,the-world-of-isopods:ivory-spikey,Ivory Spikeys,600.0,500.0,16.7
2026-04-19T07:24:23.976847+00:00,Tar Heel Ants,tar-heel-ants:camponotus-chromaiodes-4-8-workersmini-hearth-bundle,Camponotus chromaiodes (6-8workers)w/ Mini Hearth Formicarium,100.99,95.99,5.0
2026-04-19T07:24:23.976847+00:00,Tar Heel Ants,tar-heel-ants:camponotus-chromaiodes-3-5-workers-queenants-only,"Camponotus chromaiodes (6-8 workers, queen)(Ants Only)",60.0,55.0,8.3
2026-04-19T07:24:23.976847+00:00,Tar Heel Ants,tar-heel-ants:formica-subsericea-queen-and-colony-2nd-year,Formica subsericea Queen and Colony (4-6 workers),60.0,55.0,8.3
2026-04-19T07:24:23.976847+00:00,AntGear,antgear:antquarters,Antquarters &#8211; Nests that Connect,34.99,44.99,28.6
